id_vaga,job_role,inf_titulo_vaga,inf_cliente,inf_vaga_sap,perfil_nivel_academico,perfil_nivel profissional,perfil_nivel_ingles,perfil_nivel_espanhol,perfil_competencia_tecnicas_e_comportamentais,perfil_principais_atividades
5183,Engenheiro/Analista de Dados,ANALISTA PL/JR C/ SQL,"Morris, Moran and Dodson",Não,Ensino Superior Completo,Analista,Nenhum,Intermediário,"Requisitos mandatórios:
 
 o Conhecimentos Técnicos: Conhecimento SQL, e algum conhecimento de SAP SD
 o Competências Interpessoais: Relacionamento interpessoal, foco no cliente, trabalho em equipe, excelente
 comunicação, e adaptabilidade.
 
 Requisitos desejáveis:
 o Idiomas: Espanhol nível intermediário.","Descrição – Atividades:
 
 o Monitoramento das interfaces KDP
 o Monitoramento sistema B2B durante o dia
 o Monitoramento do Whatsapp durante o dia
 o Monitoramento da subida de pedidos (KDP, WAE e B2B)
 o Suporte para equipe comercial quando tem problemas em algum cliente no WAE
 o Suporte Aplicativo Pitcher (Projeto Promotores).
 o Suporte no grupo whatsapp KDP, para vendedores e executivos
 o Atendimento da fila de chamados SM9 do grupo KDP
 o Validação das listas de visitas de C4C toda quinta e sexta
 o Garantir que as necessidades dos clientes sejam atendidas à medida que o projeto evolui"
5170,Engenheiro/Analista de Dados,DBA SQL-Wolks,Barnes-Woods,Não,Ensino Médio Completo,Sênior,Nenhum,Fluente,"desc, email","desc, email"
5148,Engenheiro/Analista de Dados,Data Migration - 11888105,Nelson-Page,Não,Ensino Superior Completo,Especialista,Básico,Básico,"Descrição/Comentário: Especialista - Migração
 Assists clients by translating organization strategies, business challenges, and objectives into the design of enabling technology roadmaps and solutions.
 Especialista para auxiliar na migração de dados de clientes e empresariais de uma operadora para outra.
 Outros detalhes do trabalho: -Possibilidade de absorção -Trabalho remoto por conta da pandemia -Horário das 9h ás 18h","Descrição/Comentário: Especialista - Migração
 Assists clients by translating organization strategies, business challenges, and objectives into the design of enabling technology roadmaps and solutions.
 Especialista para auxiliar na migração de dados de clientes e empresariais de uma operadora para outra.
 Outros detalhes do trabalho: -Possibilidade de absorção -Trabalho remoto por conta da pandemia -Horário das 9h ás 18h
 Primary Skill Data Migration"
5107,Engenheiro/Analista de Dados,Master Data Management- 11896653,Nelson-Page,Não,Ensino Superior Completo,Analista,Intermediário,Básico,"Master Data Management - Analista Sênior de MDM para atuação em Processo de Cadastro de Clientes, Fornecedores, Matéria Prima e Produtos junto a sistema SAP do Cliente.
 Será responsável por realizar as atividades envolvidas em todo o processo de cadastro das frentes descritas acima.Será esperado perfil técnico e de liderança de pequenas equipes.
 Desejado conhecimento e vivência na área de MDM e DBA, bem como na criação e acompanhamento de indicadores de performance e de negócios.
 Formação na área de Tecnologia da Informação (Ciência da Computação, Análise de Sistemas, Engenharia de Software ou Tecnologia da Informação).
 Ter Conhecimento de SAP.
 -Competências Técnicas Específicas:
 -Master Data Management: Proficiente.
 Linguagem SQL: Diferencial.
 -Conhecimentos das Ferramentas: Power BI, Power Pivot (Excel), Access, Bancos de Dados (SQL Sever, Oracle, My SQL): Diferencial.
 -MS Excel: Domina.
 -Experiência na implementação e manutenção de KPIs: Diferencial.
 -Conhecimentos em SAP AFS: Diferencial.
 -Conhecimentos em SAP: Básico.
 -Linguagem VBA: Diferencial.
 -Inglês: Escrita e Leitura intermediário.
 Outros detalhes do trabalho: 1 - Microsoft Excel (P3 - Advanced) | 2 - Microsoft Power BI (P2 - Intermediate) | 3 - SAP Business Planning and Consolidation (P2 - Intermediate) | 4 - SQL (Structured Query Language) (P2 - Intermediate)
 Primary Skill * Others (Please note the Skill at the beginning of Job Description)","Master Data Management - Analista Sênior de MDM para atuação em Processo de Cadastro de Clientes, Fornecedores, Matéria Prima e Produtos junto a sistema SAP do Cliente.
 Será responsável por realizar as atividades envolvidas em todo o processo de cadastro das frentes descritas acima.Será esperado perfil técnico e de liderança de pequenas equipes.
 Desejado conhecimento e vivência na área de MDM e DBA, bem como na criação e acompanhamento de indicadores de performance e de negócios.
 Formação na área de Tecnologia da Informação (Ciência da Computação, Análise de Sistemas, Engenharia de Software ou Tecnologia da Informação).
 Ter Conhecimento de SAP.
 -Competências Técnicas Específicas:
 -Master Data Management: Proficiente.
 Linguagem SQL: Diferencial.
 -Conhecimentos das Ferramentas: Power BI, Power Pivot (Excel), Access, Bancos de Dados (SQL Sever, Oracle, My SQL): Diferencial.
 -MS Excel: Domina.
 -Experiência na implementação e manutenção de KPIs: Diferencial.
 -Conhecimentos em SAP AFS: Diferencial.
 -Conhecimentos em SAP: Básico.
 -Linguagem VBA: Diferencial.
 -Inglês: Escrita e Leitura intermediário.
 Outros detalhes do trabalho: 1 - Microsoft Excel (P3 - Advanced) | 2 - Microsoft Power BI (P2 - Intermediate) | 3 - SAP Business Planning and Consolidation (P2 - Intermediate) | 4 - SQL (Structured Query Language) (P2 - Intermediate)
 Primary Skill * Others (Please note the Skill at the beginning of Job Description)"
5106,Engenheiro/Analista de Dados,Master Data Management - 11885552,Nelson-Page,Não,Ensino Superior Completo,Analista,Avançado,Básico,"Master Data Management - Analista de MDM para atuação em Processo de Cadastro de Clientes, Fornecedores, Matéria Prima e Produtos junto a sistema SAP do Cliente.
 Será responsável por executar as atividades envolvidas em todo o processo de cadastro das frentes descritas acima. Será esperado perfil técnico com conhecimentos do processo de cadastro.
 Desejado conhecimento e vivência na área de MDM e DBA, bem como na criação e acompanhamento de indicadores de performance e de negócios.
 Formação na área de Tecnologia da Informação (Ciência da Computação, Análise de Sistemas, Engenharia de Software ou Tecnologia da Informação).
 Conhecimento básico em SAP.
 -Competências Técnicas Específicas:
 -Master Data Management: Proficiente
 -Linguagem SQL: Proficiente.
 -Conhecimentos das Ferramentas: Power BI, Power Pivot (Excel), Access, Bancos de Dados (SQL Sever, Oracle, My SQL): Proficiente.
 -MS Excel: Domina.
 -Experiência na implementação e manutenção de KPIs: Proficiente
 -Conhecimentos em SAP AFS: Diferencial.
 -Conhecimentos em SAP: Proficiente.
 -Linguagem VBA: Básico.
 -Inglês: Avançado.
 Outros detalhes do trabalho: 1 - Microsoft Excel (P3 - Advanced) | 2 - Microsoft Power BI (P2 - Intermediate) | 3 - SQL (Structured Query Language) (P1 - Beginner) | 4 - Visual Basic for Applications (VBA) Programming Language (P1 - Beginner)
 Primary Skill * Others (Please note the Skill at the beginning of Job Description)","Master Data Management - Analista de MDM para atuação em Processo de Cadastro de Clientes, Fornecedores, Matéria Prima e Produtos junto a sistema SAP do Cliente.
 Será responsável por executar as atividades envolvidas em todo o processo de cadastro das frentes descritas acima. Será esperado perfil técnico com conhecimentos do processo de cadastro.
 Desejado conhecimento e vivência na área de MDM e DBA, bem como na criação e acompanhamento de indicadores de performance e de negócios.
 Formação na área de Tecnologia da Informação (Ciência da Computação, Análise de Sistemas, Engenharia de Software ou Tecnologia da Informação).
 Conhecimento básico em SAP.
 -Competências Técnicas Específicas:
 -Master Data Management: Proficiente
 -Linguagem SQL: Proficiente.
 -Conhecimentos das Ferramentas: Power BI, Power Pivot (Excel), Access, Bancos de Dados (SQL Sever, Oracle, My SQL): Proficiente.
 -MS Excel: Domina.
 -Experiência na implementação e manutenção de KPIs: Proficiente
 -Conhecimentos em SAP AFS: Diferencial.
 -Conhecimentos em SAP: Proficiente.
 -Linguagem VBA: Básico.
 -Inglês: Avançado.
 Outros detalhes do trabalho: 1 - Microsoft Excel (P3 - Advanced) | 2 - Microsoft Power BI (P2 - Intermediate) | 3 - SQL (Structured Query Language) (P1 - Beginner) | 4 - Visual Basic for Applications (VBA) Programming Language (P1 - Beginner)
 Primary Skill * Others (Please note the Skill at the beginning of Job Description)"
5079,Engenheiro/Analista de Dados,Master Data Management - 11889629,Nelson-Page,Não,Ensino Superior Completo,Analista,Básico,Básico,"Master Data Management - Analista de MDM para atuação em Processo de Cadastro de Clientes, Fornecedores, Matéria Prima e Produtos junto a sistema SAP do Cliente.
 Será responsável por executar as atividades envolvidas em todo o processo de cadastro das frentes descritas acima. Será esperado perfil técnico com conhecimentos do processo de cadastro.
 Desejado conhecimento e vivência na área de MDM e DBA, bem como na criação e acompanhamento de indicadores de performance e de negócios.
 Formação na área de Tecnologia da Informação (Ciência da Computação, Análise de Sistemas, Engenharia de Software ou Tecnologia da Informação).
 Conhecimento básico em SAP.
 Outros detalhes do trabalho: 1 - Microsoft Excel (P3 - Advanced) | 2 - Microsoft Power BI (P2 - Intermediate) | 3 - SQL (Structured Query Language) (P1 - Beginner) | 4 - Visual Basic for Applications (VBA) Programming Language (P1 - Beginner)
 Primary Skill * Others (Please note the Skill at the beginning of Job Description)","Master Data Management - Analista de MDM para atuação em Processo de Cadastro de Clientes, Fornecedores, Matéria Prima e Produtos junto a sistema SAP do Cliente.
 Será responsável por executar as atividades envolvidas em todo o processo de cadastro das frentes descritas acima. Será esperado perfil técnico com conhecimentos do processo de cadastro.
 Desejado conhecimento e vivência na área de MDM e DBA, bem como na criação e acompanhamento de indicadores de performance e de negócios.
 Formação na área de Tecnologia da Informação (Ciência da Computação, Análise de Sistemas, Engenharia de Software ou Tecnologia da Informação).
 Conhecimento básico em SAP.
 Outros detalhes do trabalho: 1 - Microsoft Excel (P3 - Advanced) | 2 - Microsoft Power BI (P2 - Intermediate) | 3 - SQL (Structured Query Language) (P1 - Beginner) | 4 - Visual Basic for Applications (VBA) Programming Language (P1 - Beginner)
 Primary Skill * Others (Please note the Skill at the beginning of Job Description)"
5078,Engenheiro/Analista de Dados,Master Data Management - 11885899,Nelson-Page,Não,Ensino Superior Completo,Analista,Básico,Básico,"Master Data Management - Analista Sênior de MDM para atuação em Processo de Cadastro de Clientes, Fornecedores, Matéria Prima e Produtos junto a sistema SAP do Cliente.
 Será responsável por realizar as atividades envolvidas em todo o processo de cadastro das frentes descritas acima.Será esperado perfil técnico e de liderança de pequenas equipes.
 Desejado conhecimento e vivência na área de MDM e DBA, bem como na criação e acompanhamento de indicadores de performance e de negócios.
 Formação na área de Tecnologia da Informação (Ciência da Computação, Análise de Sistemas, Engenharia de Software ou Tecnologia da Informação).
 Ter Conhecimento de SAP.
 Competências Técnicas Específicas
 Master Data Management
 Linguagem SQL
 Conhecimentos das Ferramentas: Power BI, Power Pivot (Excel), Access, Bancos de Dados (SQL Sever, Oracle, My SQL)
 MS Excel - Conhecer PIVOT, VBA, Formúlas diversas como Proc
 Experiência na implementação e manutenção de KPIs
 Conhecimentos em SAP AFS
 Conhecimentos em SAP
 Linguagem VBA
 Outros detalhes do trabalho: 1 - Microsoft Excel (P3 - Advanced) | 2 - Microsoft Power BI (P2 - Intermediate) | 3 - SAP Business Planning and Consolidation (P2 - Intermediate) | 4 - SQL (Structured Query Language) (P2 - Intermediate)
 Primary Skill * Others (Please note the Skill at the beginning of Job Description)
 Comments / Special Conditions -Possibilidade de absorção
 -Trabalho remoto por conta da pandemia
 -Horário das 8 ás 17h","Master Data Management - Analista Sênior de MDM para atuação em Processo de Cadastro de Clientes, Fornecedores, Matéria Prima e Produtos junto a sistema SAP do Cliente.
 Será responsável por realizar as atividades envolvidas em todo o processo de cadastro das frentes descritas acima.Será esperado perfil técnico e de liderança de pequenas equipes.
 Desejado conhecimento e vivência na área de MDM e DBA, bem como na criação e acompanhamento de indicadores de performance e de negócios.
 Formação na área de Tecnologia da Informação (Ciência da Computação, Análise de Sistemas, Engenharia de Software ou Tecnologia da Informação).
 Ter Conhecimento de SAP.
 Competências Técnicas Específicas
 Master Data Management
 Linguagem SQL
 Conhecimentos das Ferramentas: Power BI, Power Pivot (Excel), Access, Bancos de Dados (SQL Sever, Oracle, My SQL)
 MS Excel - Conhecer PIVOT, VBA, Formúlas diversas como Proc
 Experiência na implementação e manutenção de KPIs
 Conhecimentos em SAP AFS
 Conhecimentos em SAP
 Linguagem VBA
 Outros detalhes do trabalho: 1 - Microsoft Excel (P3 - Advanced) | 2 - Microsoft Power BI (P2 - Intermediate) | 3 - SAP Business Planning and Consolidation (P2 - Intermediate) | 4 - SQL (Structured Query Language) (P2 - Intermediate)
 Primary Skill * Others (Please note the Skill at the beginning of Job Description)
 Comments / Special Conditions -Possibilidade de absorção
 -Trabalho remoto por conta da pandemia
 -Horário das 8 ás 17h"
5025,Engenheiro/Analista de Dados,Analista de sistemas SQL - SR,"Morris, Moran and Dodson",Não,Ensino Superior Completo,Sênior,Avançado,Nenhum,"Requisitos desejáveis/diferencial
 o Conhecimento em .NET (VB.Net e/ou C#)
 o Conhecimento com especificações de casos de uso o Análise e modelagem de dados o Noções de Espanhol","Analista de sistemas Sr
 
 Requisitos essenciais
 o Formação na área de informática
 o Inglês avançado (imprescindível neste nível) o Conhecimento e experiência em banco de dados SQL Server
 Conhecimento em SQL
 Ser capaz de desenvolver e compreender Queries"
4998,Engenheiro/Analista de Dados,Application Dev - C# SQL - 11845429,"Wade, Bernard and Bailey",Não,Ensino Superior Completo,Analista,Básico,Básico,"Local de Trabalho: São Paulo
 
 Design, build and configure applications to meet business process andapplication requirements.
 Primary Skill .NET Programming","Local de Trabalho: São Paulo
 
 Design, build and configure applications to meet business process andapplication requirements.
 Primary Skill .NET Programming"
4887,Engenheiro/Analista de Dados,Eng De Dados - 11812275,Nelson-Page,Não,Ensino Superior Completo,Analista,Básico,Básico,"Construção de processos de ingestão de dados.
 
 Desenvolvimento de códigos utilizando-se das linguagens / tools citados abaixo:
 SQL
 Ferramenta de ETL
 Banco de dados (Oracle ou SQL Server ou Teradata)
 Ferramentas de BigData (Hadoop, Hive, Impala, HDFS)
 Metodologia Ágil
 Python
 Spark / Scala
 Shell Script
 Outros detalhes do trabalho: 1 - Analytics Solution Architecture (P1 - Beginner) | 2 - Big Data Analytics (P1 - Beginner)
 Primary Skill * Others (Please note the Skill at the beginning of Job Description)","Construção de processos de ingestão de dados.
 
 Desenvolvimento de códigos utilizando-se das linguagens / tools citados abaixo:
 SQL
 Ferramenta de ETL
 Banco de dados (Oracle ou SQL Server ou Teradata)
 Ferramentas de BigData (Hadoop, Hive, Impala, HDFS)
 Metodologia Ágil
 Python
 Spark / Scala
 Shell Script
 Outros detalhes do trabalho: 1 - Analytics Solution Architecture (P1 - Beginner) | 2 - Big Data Analytics (P1 - Beginner)
 Primary Skill * Others (Please note the Skill at the beginning of Job Description)"
6702,Engenheiro/Analista de Dados,Oracle Data Relationship - 12268209,Nelson-Page,Não,Ensino Superior Completo,Analista,Básico,Básico,Outros detalhes do trabalho: 1 - Data Science (P4 - Expert) | 2 - Data Strategy (P4 - Expert) | 3 - Big Data Analytics (P1 - Beginner),"Data Analytics and Interpretation - Oracle Data Relationship Management (DRM) is an enterprise change management solution for building and retaining consistency within master data assets despite endless changes necessary to support underlying transactional and analytical systems.
 
 Análise e Interpretação de Dados - O DRM (Oracle Data Relationship Management, gerenciamento de relacionamento de dados) é uma solução de gerenciamento de mudanças corporativas para a construção e retenção de consistência dentro de ativos de dados mestres, apesar de infinitas mudanças necessárias para suportar sistemas transacionais e analíticos subjacentes.
 
 Horário: das 8 às 17hs"
6689,Engenheiro/Analista de Dados,4556249 - Data Engineer - Business Intelligence,Miller-Curry,Não,Ensino Superior Completo,Sênior,Nenhum,Nenhum,Data Engineer - Business Intelligence,Data Engineer - Business Intelligence
6659,Engenheiro/Analista de Dados,Data&AI / Data Lead - 12261491,Nelson-Page,Não,Ensino Superior Completo,Analista,Básico,Básico,"Primary Skill: Business Process Design
 
 Outros detalhes do trabalho: 1 - Business Process Analysis Tools (P1 - Beginner) | 2 - Process Design Mapping and Analysis (P1 - Beginner).","Descrição/Comentário:
 1 - Pode ser um consultor funcional de MM, SD ou FI.
 2 - A pessoa precisa ter experiência com processo de conversão de dados em ambiente SAP S4 Hana.
 3 – Precisa conhece a ferramenta “Migration Cockpit” do SAP S4
 4 - Precisa ter experiência em coordenação de equipes, gestão de cronograma.
 
 Remoto por conta da pandemia. Mas, voltará a ser presencial em breve.
 
 Localidade do projeto: SP
 
 Horário comercial
 
 Possibilidade de absorção"
6630,Engenheiro/Analista de Dados,"4523211 - PL/SQL, JAVA",Miller-Curry,Não,Ensino Superior Completo,Sênior,Nenhum,Nenhum,"PL/SQL, JAVA","PL/SQL, JAVA"
6610,Engenheiro/Analista de Dados,4525015 - ETL,Miller-Curry,Não,Ensino Superior Completo,Sênior,Nenhum,Nenhum,ETL,ETL
6574,Engenheiro/Analista de Dados,4523311 - Programador PL/SQL Senior,Miller-Curry,Não,Ensino Superior Completo,Sênior,Nenhum,Nenhum,Programador PL/SQL Senior,Programador PL/SQL Senior
6525,Engenheiro/Analista de Dados,4511168 - Data Engineer-Business Intelligence,Miller-Curry,Não,Ensino Superior Completo,Sênior,Nenhum,Nenhum,Data Engineer-Business Intelligence,Data Engineer-Business Intelligence
6500,Engenheiro/Analista de Dados,Consultor Magnus DataSul - Prop. 505/2021,Morrison Ltd,Não,Ensino Técnico Completo,Pleno,Nenhum,Nenhum,"Recebemos uma demanda do nosso cliente onde eles precisam de um recurso para coletar informações antigas que estão dentro do sistema Magnus/Data Sul.
 O servidor está dentro da casa do cliente.",Consultor Magnus Data Sul
6494,Engenheiro/Analista de Dados,Data Analyst - INOVAÇÂO,"Miller, Tran and Chang",Não,Ensino Superior Completo,Analista,Básico,Básico,Outros detalhes da vaga: Presencial,Data Analyst
6493,Engenheiro/Analista de Dados,Data Scientist - INOVAÇÂO,"Miller, Tran and Chang",Não,Ensino Superior Completo,Analista,Básico,Básico,Outros detalhes da vaga: Presencial,Data Scientist
6487,Engenheiro/Analista de Dados,Desenvolvedor PL / SQL,"Miller, Tran and Chang",Não,Ensino Superior Completo,Sênior,Básico,Básico,Outros detalhes da vaga: Híbrido (Remoto / Presencial),Conhecimento Oracle PL / SQL
6432,Engenheiro/Analista de Dados,NET / PL/SQL - 12184281,Nelson-Page,Não,Ensino Superior Completo,Analista,Básico,Básico,"Outros detalhes do trabalho: 1 - C++ Programming Language (P2 - Intermediate) | 2 - Amdocs Billing (P1 - Beginner)
 
 Primary Skill: Build Management","Descrição/Comentário: Design, build and configure applications to meet business process and application requirements.
 
 Programador para linguagem C e SQL. Conhecimento em Oracle e sistemas de billing"
6420,Engenheiro/Analista de Dados,Engenheiro de Dados - PL/SR - RE-401703,"Morris, Moran and Dodson",Não,Ensino Superior Completo,Pleno,Intermediário,Intermediário,"• Mandatórios
 
 Conhecimento e experiencia em:
 
 ETL, SQL, Spark, Python, Shellscript, Hive
 
 Inglês intermediário (mandatório) / Espanhol intermediário (desejável)","• Descrição - Atividades
 
 Engenheiro de dados responsável por desenvolver pipeline de dados em Python/Spark em ambiente cloudera 6.3.
 O escopo do projeto é desenvolver um pipeline de dados para alimentar uma nova plataforma de fidelização do cliente que será usada para conceder benefícios à clientes mediante a bons comportamentos do cliente como adimplência, utilização dos canais digitais, atualização cadastral regular, entre outros.
 O Engenheiro de Dados irá coletar dados de distintas fontes para preparar esta segmentação."
6408,Engenheiro/Analista de Dados,Network Data – Stead State Team – (Sênior),Jenkins-Walker,Não,Ensino Superior Completo,Sênior,Avançado,Nenhum,"Qualifications
 · Min 8+ years of Network Engineer experience supporting global network infrastructures
 · Experience in working as part of a global support (follow the sun) model
 · Cisco CCIE and other industry standard networking certifications
 · Expert level knowledge in the real time analysis troubleshooting and documentation of issues within LAN/WAN architectures and IP Services.
 · Expert level knowledge of troubleshooting, implementing, optimizing and testing of static and dynamic routing protocols such as EIGRP, OSPF, BGP and ability to interpret and resolve complex route table problems.
 · Expert level knowledge for debugging network devices and outstanding Wireshark reading skills.
 · Extensive hands-on experience with:
 o Cisco ASR, ISR and Catalyst product families
 o Cisco Meraki Devices MS and MX Series.
 o Cisco Nexus 9K/7K/5K/2K (NXOS) Series of switches
 o Wireless LAN technologies – Cisco and Aruba
 o F5 Load balancers
 o Cisco SD-WAN
 
 Soft Skills
 · Excellent verbal and written communication skills (English)
 · Have a strong presence and the ability to lead highly complex real time incident calls in front of the customer and other parties
 · Excellent customer handling skills
 · Ability to handle high pressure situations","Technology Knowledge
 · Router - Cisco (BGP, EIGRP, OSPF, QOS, MPLS, WAN)
 · SDWAN Viptela (Vmanage, VSmart, VBound, Vedge)
 · Switch – Cisco/Arista (STP, HSRP, SVI, EtherChannel, Stackwise, VSS, Nexus)
 · WLAN – Cisco
 · Cisco Meraki · Load Balancer - F5
 · SD-WAN experience a plus
 
 Responsibilities
 · Handling tickets / Incidents via Service Now platform
 · Lead technical incident calls as a SME
 · Troubleshooting and providing break fix support to technical issues
 · Perform root cause analysis of raised issues
 · Defining process improvements and ensuring that the processes are adhered to
 · Take shared ownership of resolving issues in a SLA driven environment
 · Mentoring / training team members as a SME
 · Testing and auditing as required from time to time
 · Improves and maintains customer and employee satisfaction
 · Work as part of a Follow the Sun support global support model
 
 
 Location: São Paulo/SP
 Language: Advanced English"
6406,Engenheiro/Analista de Dados,Network Data - Steady State Team (Júnior),Jenkins-Walker,Não,Ensino Superior Completo,Júnior,Avançado,Nenhum,"Technology Knowledge
 · Router - Cisco (BGP, EIGRP, MPLS, WAN)
 · Switch – Cisco
 · WLAN – Cisco
 · Cisco Meraki
 · Security FTD/FMC
 · Load Balancer - F5
 
 Responsibilities
 · Handling tickets / Incidents via Service Now platform
 · Assist in technical calls
 · Troubleshooting and providing break fix support to technical issues
 · Perform root cause analysis of raised issues
 · Defining process improvements and ensuring that the processes are adhered to
 · Take shared ownership of resolving issues in a SLA driven environment
 · Mentoring / training team members
 · Testing and auditing as required from time to time
 · Improves and maintains customer and employee satisfaction
 · Work as part of a Follow the Sun support global support model","Qualifications
 · Min 2+ years of Network Engineer experience supporting global network infrastructures
 · Experience in working as part of a global support (follow the sun) model
 · Cisco CCNA and other industry standard networking certifications
 · Strong foundational level knowledge in the real time analysis troubleshooting and documentation of issues within LAN/WAN architectures and IP Services.
 · Professional level knowledge of troubleshooting, implementing, optimizing and testing of static and dynamic routing protocols such as EIGRP, OSPF, BGP and ability to interpret and resolve complex route table problems
 · Multi-year experience being hands-on with:
 o Cisco ASR, ISR and Catalyst product families
 o Cisco Meraki Devices MS and MX Series.
 o Cisco Nexus 9K/7K/5K/2K (NXOS) Series of switches
 o Wireless LAN technologies – Cisco and Aruba
 o F5 Load balancers
 o Cisco SD-WAN
 
 Soft Skills
 · Excellent verbal and written communication skills (English)
 · Have a strong presence and the ability to assist in highly complex real time incident calls in front of the customer and other parties
 · Excellent customer handling skills
 · Ability to handle high pressure situations
 
 Location: São Paulo/SP
 Language: Advanced English"
6402,Engenheiro/Analista de Dados,Network Data - Steady State (Júnior),Jenkins-Walker,Não,Ensino Superior Completo,Júnior,Avançado,Nenhum,"Technology Knowledge
 · Router - Cisco (BGP, EIGRP, MPLS, WAN)
 · Switch – Cisco
 · WLAN – Cisco
 · Cisco Meraki
 · Load Balancer - F5
 
 Responsibilities
 · Handling tickets / Incidents via Service Now platform
 · Assist in technical calls
 · Troubleshooting and providing break fix support to technical issues
 · Perform root cause analysis of raised issues
 · Defining process improvements and ensuring that the processes are adhered to
 · Take shared ownership of resolving issues in a SLA driven environment
 · Mentoring / training team members
 · Testing and auditing as required from time to time
 · Improves and maintains customer and employee satisfaction
 · Work as part of a Follow the Sun support global support model","Qualifications
 · Min 2+ years of Network Engineer experience supporting global network infrastructures
 · Experience in working as part of a global support (follow the sun) model
 · Cisco CCNA and other industry standard networking certifications
 · Strong foundational level knowledge in the real time analysis troubleshooting and documentation of issues within LAN/WAN architectures and IP Services.
 · Professional level knowledge of troubleshooting, implementing, optimizing and testing of static and dynamic routing protocols such as EIGRP, OSPF, BGP and ability to interpret and resolve complex route table problems
 · Multi-year experience being hands-on with:
 o Cisco ASR, ISR and Catalyst product families
 o Cisco Meraki Devices MS and MX Series.
 o Cisco Nexus 9K/7K/5K/2K (NXOS) Series of switches
 o Wireless LAN technologies – Cisco and Aruba
 o F5 Load balancers
 o Cisco SD-WAN
 
 Soft Skills
 · Excellent verbal and written communication skills (English)
 · Have a strong presence and the ability to assist in highly complex real time incident calls in front of the customer and other parties
 · Excellent customer handling skills
 · Ability to handle high pressure situations
 
 
 Location: São Paulo/SP
 Language: Advanced English"
6401,Engenheiro/Analista de Dados,Network Data-Wireless - Steady State (Sênior),Jenkins-Walker,Não,Ensino Superior Completo,Sênior,Avançado,Nenhum,"Technology Knowledge
 · Cisco Wireless, PRIME, ISE
 · Cisco Meraki · Cisco SDA · Router
 - Cisco (BGP, EIGRP, MPLS, WAN)
 · Switch – Cisco
 · Load Balancer - F5
 · SD-WAN experience a plus
 
 Responsibilities
 · Handling tickets / Incidents via Service Now platform
 · Lead technical incident calls as a SME
 · Troubleshooting and providing break fix support to technical issues
 · Perform root cause analysis of raised issues
 · Defining process improvements and ensuring that the processes are adhered to
 · Take shared ownership of resolving issues in a SLA driven environment
 · Mentoring / training team members as a SME
 · Testing and auditing as required from time to time
 · Improves and maintains customer and employee satisfaction
 · Work as part of a Follow the Sun support global support model","Qualifications
 · Min 8+ years of Network Engineer experience supporting global network infrastructures
 · Experience in working as part of a global support (follow the sun) model
 · Cisco CCIE and other industry standard networking certifications
 · Expert level knowledge in the real time analysis troubleshooting and documentation of issues within LAN/WAN architectures and IP Services.
 · Expert level knowledge of troubleshooting, implementing, optimizing and testing of static and dynamic routing protocols such as EIGRP, OSPF, BGP and ability to interpret and resolve complex route table problems
 · Extensive hands-on experience with:
 o Cisco Prime
 o Cisco Wireless LAN technologies
 o Cisco WLAN Controllers o Cisco SDA
 o Cisco ASR, ISR and Catalyst product families
 o Cisco Meraki Devices MS and MX Series.
 o F5 Load balancers o Cisco SD-WAN
 
 Soft Skills
 · Excellent verbal and written communication skills (English)
 · Have a strong presence and the ability to lead highly complex real time incident calls in front of the customer and other parties
 · Excellent customer handling skills
 · Ability to handle high pressure situations
 
 Location: São Paulo/SP
 Language: Advanced English"
6400,Engenheiro/Analista de Dados,IO DBA (Dados e Integração) - 12179906,Nelson-Page,Não,Ensino Superior Completo,Analista,Básico,Básico,Outros detalhes do trabalho: 1 - Infrastructure Operations (P1 - Beginner) | 2 - Service Operations (P1 - Beginner),"Descrição/Comentário: MySQL Database Administration
 ➢ Gerenciar, instalar, configurar, atualizar e monitorar um banco ou sistemas de banco de dados;
 ➢ Criação e testes de backup para garantir a recuperabilidade dos dados em caso de falha de HW ou outro problema;
 ➢ Instalar e atualizar as ferramentas de banco de dados;
 ➢ Alocar e garantir alocação futura de espaço do sistema reservado ao banco;
 ➢ Saber modificar a estrutura de banco de dados;
 ➢ Verificar e zelar pela integridade do banco de dados;
 ➢ Saber os comandos básicos de cada Sistema de Gerenciamento;
 ➢ Identificar pontos de melhoria de desempenho nas consultas ao banco de dados;
 ➢ Auxiliar a equipe de desenvolvimento e a equipe de testes a maximizar o uso e desempenho do banco de dados.
 ➢ Ter um controle de acesso ou privilégios aos dados;
 ➢ Conhecimento em MySQL;
 ➢ Documentar processos."
6399,Engenheiro/Analista de Dados,Network Data_Wireless- Steady State (Pleno),Jenkins-Walker,Não,Ensino Superior Completo,Sênior,Avançado,Nenhum,"Technology Knowledge
 · Cisco Wireless, PRIME, ISE
 · Cisco Meraki · Cisco SDA ·
 Router - Cisco (BGP, EIGRP, MPLS, WAN)
 · Switch – Cisco · Load Balancer - F5 · SD-WAN experience a plus
 
 Responsibilities
 · Handling tickets / Incidents via Service Now platform
 · Lead technical incident calls
 · Troubleshooting and providing break fix support to technical issues · Perform root cause analysis of raised issues
 · Defining process improvements and ensuring that the processes are adhered to
 · Take shared ownership of resolving issues in a SLA driven environment · Mentoring / training team members
 · Testing and auditing as required from time to time · Improves and maintains customer and employee satisfaction
 · Work as part of a Follow the Sun support global support model","Qualifications
 · Min 5+ years of Network Engineer experience supporting global network infrastructures
 · Experience in working as part of a global support (follow the sun) model
 · Cisco CCNP and other industry standard networking certifications
 · Expert level knowledge in the real time analysis troubleshooting and documentation of issues within LAN/WAN architectures and IP Services.
 · Professional level knowledge of troubleshooting, implementing, optimizing and testing of static and dynamic routing protocols such as EIGRP, OSPF, BGP and ability to interpret and resolve complex route table problems
 · Multi-year experience being hands-on with:
 o Cisco Prime
 o Cisco Wireless LAN technologies
 o Cisco WLAN Controllers
 o Cisco Meraki Devices MS and MX Series
 o Cisco SDA o Cisco ASR, ISR and Catalyst product families o F5 Load balancers o Cisco SD-WAN
 
 Soft Skills
 ·Excellent verbal and written communication skills (English)
 · Have a strong presence and the ability to lead highly complex real time incident calls in front of the customer and other parties
 · Excellent customer handling skills
 · Ability to handle high pressure situations
 
 
 Location: São Paulo/SP
 Language: Advanced English"
6343,Engenheiro/Analista de Dados,Cientista de dados,Callahan-Hall,Não,Ensino Médio Completo,Sênior,Nenhum,Nenhum,"Criação de Modelos Estatísticos;
 Azure DevOps;
 Python;
 R;
 Power BI;
 Big Data;
 Analytics;
 Habilidade em solução de problemas.","Criação de Modelos Estatísticos;
 Azure DevOps;
 Python;
 R;
 Power BI;
 Big Data;
 Analytics;
 Habilidade em solução de problemas."
6340,Engenheiro/Analista de Dados,Desenvolvedor PL/SQL - 20213418744,Morrison Ltd,Não,Ensino Técnico Completo,Pleno,Nenhum,Nenhum,Desenvolver queries com Oracle,"Desenvolvedor PLSQL, Scripts com banco de Dados Oracle SR"
6318,Engenheiro/Analista de Dados,4526783 - Engenheiro de dados,Miller-Curry,Não,Ensino Superior Completo,Sênior,Nenhum,Nenhum,Engenheiro de dados,Engenheiro de dados
6301,Engenheiro/Analista de Dados,4448290 - Engenheiro de dados,Miller-Curry,Não,Ensino Superior Completo,Sênior,Nenhum,Nenhum,Engenheiro de dados,Engenheiro de dados
6278,Engenheiro/Analista de Dados,DBA SQL Server - Prop. 475/2021,Morrison Ltd,Não,Ensino Técnico Completo,Pleno,Nenhum,Nenhum,"Experiência em modelagem, extração e manipulação de dados e rotinas de manutenção de BD;
 Experiência na administração de usuários e na execução de tarefas de administração do BD, tais como: gerenciar tabelas e índices, configuração e parametrização de memória do banco.
 Instalação, configuração , upgrade e migração de versões de BD;
 Aplicação de patch em BD;
 Efetuar monitoramento de banco de dados, análise e tuning de performance; Identificar pontos de contenção ou consumo excessivo de recursos e sugerir ajustes.
 Apoiar times de backup na configuração de backup e restore;
 Identificar melhor tempo de respostas de consultas;
 Atuar em ambientes de alta disponibilidade
 Planejar e estruturar o banco de dados, garantindo a melhor arquitetura, integridade dos dados, segurança de acesso, identificando oportunidades de melhoria na construção e utilização
 Experiência de 3 anos atuando com Bancos de dados
 Programação em T-SQL
 Instalação e configuração do produto SQL Server","Banco de Dados SQL Imprescindível
 Windows Server Imprescindível
 Conhecimentos básicos Oracle Desejável
 Conhecimentos básico MySQL Desejável"
6256,Engenheiro/Analista de Dados,4448285 - Engenheiro de Dados,Miller-Curry,Não,Ensino Superior Completo,Sênior,Nenhum,Nenhum,Engenheiro de Dados,Engenheiro de Dados
6190,Engenheiro/Analista de Dados,4448260 - DATA LAKE,Miller-Curry,Não,Ensino Superior Completo,Sênior,Nenhum,Nenhum,DATA LAKE,DATA LAKE
6187,Engenheiro/Analista de Dados,4448289 - Engenheiro de DAdos,Miller-Curry,Não,Ensino Superior Completo,Sênior,Nenhum,Nenhum,Engenheiro de DAdos,Engenheiro de DAdos
6186,Engenheiro/Analista de Dados,4378406 - Engenheiro de Dados,Miller-Curry,Não,Ensino Superior Completo,Sênior,Nenhum,Nenhum,Engenheiro de Dados,Engenheiro de Dados
6184,Engenheiro/Analista de Dados,4486646 - Programador PL/SQL Senior,Miller-Curry,Não,Ensino Superior Completo,Sênior,Nenhum,Nenhum,Programador PL/SQL Senior,Programador PL/SQL Senior
6181,Engenheiro/Analista de Dados,Data & AI - 12140250,Nelson-Page,Não,Ensino Superior Completo,Analista,Básico,Básico,"Descrição/Comentário: Oracle Financial Consolidation and Close - Lead the effort to design, build and configure applications, acting as the primary point of contact.","Descrição/Comentário: Oracle Financial Consolidation and Close - Lead the effort to design, build and configure applications, acting as the primary point of contact."
6180,Engenheiro/Analista de Dados,Data & AI - 12139806,Nelson-Page,Não,Ensino Superior Completo,Analista,Básico,Básico,"Descrição/Comentário: Oracle Financial Consolidation and Close - Lead the effort to design, build and configure applications, acting as the primary point of contact.","Descrição/Comentário: Oracle Financial Consolidation and Close - Lead the effort to design, build and configure applications, acting as the primary point of contact."
6132,Engenheiro/Analista de Dados,Engenheiro De Dados - 12127585,Nelson-Page,Não,Ensino Superior Completo,Analista,Básico,Básico,"Descrição/Comentário: Engenharia de Dados: SQL, Bancos Relacionais (Teradata, Oracle, SQL Server), Ecossistema Hadoop (Hive, Sqoop, Scala, Spark), Python, ETL","Descrição/Comentário: Engenharia de Dados: SQL, Bancos Relacionais (Teradata, Oracle, SQL Server), Ecossistema Hadoop (Hive, Sqoop, Scala, Spark), Python, ETL"
6126,Engenheiro/Analista de Dados,Banco De Dados - 12128657,Nelson-Page,Não,Ensino Superior Completo,Analista,Avançado,Básico,"Descrição/Comentário: Technology Service Design - Experiência em administração Banco de Dados Oracle, Oracle RAC, Oracle Golden Gate, Shell Scripts, Performance and Tunning em nível Senior;
 Conhecimento em Banco de Dados SQL Server, Mongo DB e DB2;
 Conhecimento em Sistema Operacional Windows, Linux, AIX e Solaris;
 Experiência em Tratamento de incidentes, solicitações de serviços e execução de mudanças de infraestrutura;
 Sistema de monitoramento Zabbix;
 Conhecimento na aplicação de ITIL;
 Experiência de 4 a 5 anos;
 Flexibilidade para trabalhar em turno (finais de semana e fora do horário comercial);
 Inglê Avançado;","Descrição/Comentário: Technology Service Design - Experiência em administração Banco de Dados Oracle, Oracle RAC, Oracle Golden Gate, Shell Scripts, Performance and Tunning em nível Senior;
 Conhecimento em Banco de Dados SQL Server, Mongo DB e DB2;
 Conhecimento em Sistema Operacional Windows, Linux, AIX e Solaris;
 Experiência em Tratamento de incidentes, solicitações de serviços e execução de mudanças de infraestrutura;
 Sistema de monitoramento Zabbix;
 Conhecimento na aplicação de ITIL;
 Experiência de 4 a 5 anos;
 Flexibilidade para trabalhar em turno (finais de semana e fora do horário comercial);
 Inglê Avançado;"
6034,Engenheiro/Analista de Dados,4448288 - Dados,Miller-Curry,Não,Ensino Superior Completo,Sênior,Nenhum,Nenhum,Dados,Dados